
<annotation>
    <folder>images</folder>
    <filename>road58.png</filename>
    <size>
        <width>400</width>
        <height>301</height>
        <depth>3</depth>
    </size>
    <segmented>0</segmented>
    <object>
        <name>stop</name>
        <pose>Unspecified</pose>
        <truncated>0</truncated>
        <occluded>0</occluded>
        <difficult>0</difficult>
        <bndbox>
            <xmin>58</xmin>
            <ymin>24</ymin>
            <xmax>331</xmax>
            <ymax>295</ymax>
        </bndbox>
    </object>
</annotation>