
<annotation>
    <folder>images</folder>
    <filename>road90.png</filename>
    <size>
        <width>400</width>
        <height>267</height>
        <depth>3</depth>
    </size>
    <segmented>0</segmented>
    <object>
        <name>stop</name>
        <pose>Unspecified</pose>
        <truncated>0</truncated>
        <occluded>0</occluded>
        <difficult>0</difficult>
        <bndbox>
            <xmin>172</xmin>
            <ymin>94</ymin>
            <xmax>249</xmax>
            <ymax>174</ymax>
        </bndbox>
    </object>
</annotation>