
<annotation>
    <folder>images</folder>
    <filename>road574.png</filename>
    <size>
        <width>300</width>
        <height>400</height>
        <depth>3</depth>
    </size>
    <segmented>0</segmented>
    <object>
        <name>speedlimit</name>
        <pose>Unspecified</pose>
        <truncated>0</truncated>
        <occluded>0</occluded>
        <difficult>0</difficult>
        <bndbox>
            <xmin>86</xmin>
            <ymin>202</ymin>
            <xmax>206</xmax>
            <ymax>327</ymax>
        </bndbox>
    </object>
    <object>
        <name>crosswalk</name>
        <pose>Unspecified</pose>
        <truncated>0</truncated>
        <occluded>0</occluded>
        <difficult>0</difficult>
        <bndbox>
            <xmin>92</xmin>
            <ymin>333</ymin>
            <xmax>211</xmax>
            <ymax>400</ymax>
        </bndbox>
    </object>
</annotation>