
<annotation>
    <folder>images</folder>
    <filename>road75.png</filename>
    <size>
        <width>400</width>
        <height>242</height>
        <depth>3</depth>
    </size>
    <segmented>0</segmented>
    <object>
        <name>stop</name>
        <pose>Unspecified</pose>
        <truncated>0</truncated>
        <occluded>0</occluded>
        <difficult>0</difficult>
        <bndbox>
            <xmin>231</xmin>
            <ymin>65</ymin>
            <xmax>327</xmax>
            <ymax>159</ymax>
        </bndbox>
    </object>
</annotation>