
<annotation>
    <folder>images</folder>
    <filename>road76.png</filename>
    <size>
        <width>400</width>
        <height>266</height>
        <depth>3</depth>
    </size>
    <segmented>0</segmented>
    <object>
        <name>stop</name>
        <pose>Unspecified</pose>
        <truncated>0</truncated>
        <occluded>0</occluded>
        <difficult>0</difficult>
        <bndbox>
            <xmin>29</xmin>
            <ymin>91</ymin>
            <xmax>162</xmax>
            <ymax>233</ymax>
        </bndbox>
    </object>
</annotation>