
<annotation>
    <folder>images</folder>
    <filename>road675.png</filename>
    <size>
        <width>300</width>
        <height>400</height>
        <depth>3</depth>
    </size>
    <segmented>0</segmented>
    <object>
        <name>speedlimit</name>
        <pose>Unspecified</pose>
        <truncated>0</truncated>
        <occluded>0</occluded>
        <difficult>0</difficult>
        <bndbox>
            <xmin>22</xmin>
            <ymin>217</ymin>
            <xmax>31</xmax>
            <ymax>226</ymax>
        </bndbox>
    </object>
    <object>
        <name>stop</name>
        <pose>Unspecified</pose>
        <truncated>0</truncated>
        <occluded>0</occluded>
        <difficult>0</difficult>
        <bndbox>
            <xmin>149</xmin>
            <ymin>166</ymin>
            <xmax>178</xmax>
            <ymax>196</ymax>
        </bndbox>
    </object>
</annotation>