
<annotation>
    <folder>images</folder>
    <filename>road56.png</filename>
    <size>
        <width>300</width>
        <height>400</height>
        <depth>3</depth>
    </size>
    <segmented>0</segmented>
    <object>
        <name>stop</name>
        <pose>Unspecified</pose>
        <truncated>0</truncated>
        <occluded>0</occluded>
        <difficult>0</difficult>
        <bndbox>
            <xmin>98</xmin>
            <ymin>95</ymin>
            <xmax>216</xmax>
            <ymax>211</ymax>
        </bndbox>
    </object>
</annotation>