
<annotation>
    <folder>images</folder>
    <filename>road82.png</filename>
    <size>
        <width>267</width>
        <height>400</height>
        <depth>3</depth>
    </size>
    <segmented>0</segmented>
    <object>
        <name>stop</name>
        <pose>Unspecified</pose>
        <truncated>0</truncated>
        <occluded>0</occluded>
        <difficult>0</difficult>
        <bndbox>
            <xmin>58</xmin>
            <ymin>55</ymin>
            <xmax>208</xmax>
            <ymax>206</ymax>
        </bndbox>
    </object>
</annotation>