
<annotation>
    <folder>images</folder>
    <filename>road674.png</filename>
    <size>
        <width>300</width>
        <height>400</height>
        <depth>3</depth>
    </size>
    <segmented>0</segmented>
    <object>
        <name>stop</name>
        <pose>Unspecified</pose>
        <truncated>0</truncated>
        <occluded>0</occluded>
        <difficult>0</difficult>
        <bndbox>
            <xmin>157</xmin>
            <ymin>159</ymin>
            <xmax>180</xmax>
            <ymax>183</ymax>
        </bndbox>
    </object>
    <object>
        <name>speedlimit</name>
        <pose>Unspecified</pose>
        <truncated>0</truncated>
        <occluded>0</occluded>
        <difficult>0</difficult>
        <bndbox>
            <xmin>64</xmin>
            <ymin>198</ymin>
            <xmax>72</xmax>
            <ymax>206</ymax>
        </bndbox>
    </object>
</annotation>