
<annotation>
    <folder>images</folder>
    <filename>road73.png</filename>
    <size>
        <width>400</width>
        <height>269</height>
        <depth>3</depth>
    </size>
    <segmented>0</segmented>
    <object>
        <name>stop</name>
        <pose>Unspecified</pose>
        <truncated>0</truncated>
        <occluded>0</occluded>
        <difficult>0</difficult>
        <bndbox>
            <xmin>169</xmin>
            <ymin>35</ymin>
            <xmax>348</xmax>
            <ymax>224</ymax>
        </bndbox>
    </object>
    <object>
        <name>trafficlight</name>
        <pose>Unspecified</pose>
        <truncated>0</truncated>
        <occluded>0</occluded>
        <difficult>0</difficult>
        <bndbox>
            <xmin>79</xmin>
            <ymin>81</ymin>
            <xmax>124</xmax>
            <ymax>160</ymax>
        </bndbox>
    </object>
</annotation>