
<annotation>
    <folder>images</folder>
    <filename>road79.png</filename>
    <size>
        <width>400</width>
        <height>301</height>
        <depth>3</depth>
    </size>
    <segmented>0</segmented>
    <object>
        <name>stop</name>
        <pose>Unspecified</pose>
        <truncated>0</truncated>
        <occluded>0</occluded>
        <difficult>0</difficult>
        <bndbox>
            <xmin>75</xmin>
            <ymin>21</ymin>
            <xmax>312</xmax>
            <ymax>241</ymax>
        </bndbox>
    </object>
</annotation>