
<annotation>
    <folder>images</folder>
    <filename>road838.png</filename>
    <size>
        <width>300</width>
        <height>400</height>
        <depth>3</depth>
    </size>
    <segmented>0</segmented>
    <object>
        <name>speedlimit</name>
        <pose>Unspecified</pose>
        <truncated>0</truncated>
        <occluded>0</occluded>
        <difficult>0</difficult>
        <bndbox>
            <xmin>105</xmin>
            <ymin>161</ymin>
            <xmax>129</xmax>
            <ymax>184</ymax>
        </bndbox>
    </object>
    <object>
        <name>crosswalk</name>
        <pose>Unspecified</pose>
        <truncated>0</truncated>
        <occluded>0</occluded>
        <difficult>0</difficult>
        <bndbox>
            <xmin>120</xmin>
            <ymin>244</ymin>
            <xmax>145</xmax>
            <ymax>272</ymax>
        </bndbox>
    </object>
</annotation>